<?xml version="1.0" encoding="UTF-8" standalone="yes"?>
<addon id="plugin.video.cinemmdeluxe" name="CineMM DELUXE" version="1.1.3" provider-name="MMDIGITALWORLD">
    <requires>
        <import addon="xbmc.python" version="2.7.13" />
        <!-- choose your resolver -->

		<!-- <import addon="script.module.resolveurl"/> -->
		<import addon="script.module.urlresolver"/>

        <!-- choose your resolver -->
    </requires>
    <extension point="xbmc.python.pluginsource" library="default.py">
        <provides>video</provides>
    </extension>
    <extension point="xbmc.addon.metadata">
        <platform>all</platform>
        <summary lang="de">CineMM Deluxe FiLME &amp; SERiEN sofort &amp; kostenlos online ansehen!</summary>
        <summary lang="en">CineMM Deluxe MOViS &amp; SERiES, watch online instantly &amp; free!</summary>
        <description lang="de">CineMM Deluxe das beste Programm aller Zeiten</description>
        <description lang="en">CineMM Deluxe the best program ever</description>
    </extension>
</addon>